,id,explanation_method,comprehensiveness,sufficiency,prob
0,0,decompx,0.03113751941257053,0.026312735345628526,0.9997238516807556
1,1,decompx,0.08040950447320938,0.027088232338428497,0.9997567534446716
2,2,decompx,0.04223672832761492,0.023132162434714183,0.9996985197067261
3,3,decompx,0.06027634276284112,0.024083515008290608,0.9997566342353821
4,4,decompx,0.06189880520105362,0.03108174353837967,0.9996151924133301
5,5,decompx,0.27882926166057587,0.03174787759780884,0.9995999932289124
6,6,decompx,-0.1672576520824805,-0.8182123031932861,0.0013486954849213362
7,7,decompx,0.31868144031614065,0.02977476269006729,0.9996256828308105
8,8,decompx,0.5897802840918303,0.07059568829006618,0.9891684055328369
9,9,decompx,0.18468298928605187,0.02843411101235284,0.999606192111969
10,10,decompx,0.4095604568719864,0.026260031594170466,0.9995917677879333
11,11,decompx,0.1447959625058704,0.026387459701961942,0.999734103679657
12,12,decompx,0.029684484004974365,0.02728072234562465,0.9997361302375793
13,13,decompx,0.5589491399005055,0.026294097304344177,0.9897289276123047
14,14,decompx,0.8501377414097078,0.019689738750457764,0.995672345161438
15,15,decompx,0.03404859134129116,0.02740104709352766,0.9997455477714539
16,16,decompx,0.24647708982229233,0.03173106163740158,0.9995511174201965
17,17,decompx,0.05357944965362549,0.030298637019263372,0.9996639490127563
18,18,decompx,0.3203399446275499,0.026301105817159016,0.9996808767318726
19,19,decompx,-0.10494121925772301,-0.5334241801340666,0.01123164314776659
20,20,decompx,0.47556730546057224,0.00036907196044921875,0.9731426239013672
21,21,decompx,0.5391776968725026,0.02550569176673889,0.9995139837265015
22,22,decompx,0.1008653375837538,0.030556519826253254,0.9995189905166626
23,23,decompx,0.047443732619285583,0.029604502022266388,0.9997004270553589
24,24,decompx,0.9090430070128706,0.02632238467534383,0.9996680021286011
25,25,decompx,0.07695197314023972,0.02388693392276764,0.9997544884681702
26,26,decompx,0.02409946918487549,0.021836270888646443,0.9997441172599792
27,27,decompx,0.8930374760238919,0.021637454628944397,0.9936926364898682
28,28,decompx,0.8569004296635588,0.02391701274447971,0.9995538592338562
29,29,decompx,0.027698718011379242,0.023917213082313538,0.9997162222862244
30,30,decompx,0.27194781303405763,0.01835840940475464,0.9883566498756409
31,31,decompx,0.2414318303577602,0.02370268702507019,0.9997102618217468
32,32,decompx,0.773653505783942,0.03514101107915243,0.9995941519737244
33,33,decompx,0.032934002578258514,0.055884942412376404,0.9995002746582031
34,34,decompx,-0.13548853080719708,-0.5862248361110687,0.3216498792171478
35,35,decompx,0.03831852333886283,0.04991696562085833,0.9997416138648987
36,36,decompx,0.05247977707121107,0.024082296424441867,0.9997555613517761
37,37,decompx,0.19123999112182194,0.024175292915768094,0.9996140599250793
38,38,decompx,0.34889601383890423,0.028070909636361257,0.9980065226554871
39,39,decompx,0.6583540512041913,0.02631851699617174,0.999123752117157
40,40,decompx,0.048152519596947566,0.02831394804848565,0.9997194409370422
41,41,decompx,0.027573049068450928,0.02590256929397583,0.9997361302375793
42,42,decompx,0.1582251489162445,0.02674931287765503,0.9994508624076843
43,43,decompx,0.0675988256931305,0.02375136613845825,0.9996305704116821
44,44,decompx,0.5174324698746204,0.040987566113471985,0.9993242025375366
45,45,decompx,0.2745837363181636,0.023876860737800598,0.9997443556785583
46,46,decompx,-0.08404288810145642,-0.9378863083464759,0.03457184135913849
47,47,decompx,-0.1146799774640905,-0.8426175208296627,0.0037467090878635645
48,48,decompx,-0.4864040670916438,-0.2061628745868802,0.014981146901845932
49,49,decompx,0.05763373772303263,0.026573684480455186,0.9996699094772339
50,50,decompx,0.5341195362852886,0.07767494320869446,0.9997420907020569
51,51,decompx,0.11754143796861172,-0.17772923409938812,0.5974828600883484
52,52,decompx,0.0812842607498169,0.022294294834136964,0.9985867738723755
53,53,decompx,0.2297752102216085,0.021687746047973633,0.9995357990264893
54,54,decompx,0.8503648672873775,0.02670210599899292,0.999566376209259
55,55,decompx,0.8014199187979102,0.03221030235290527,0.999614953994751
56,56,decompx,0.05177872180938721,0.02546018362045288,0.9997355341911316
57,57,decompx,0.5082213935093023,0.03175327926874161,0.9996991157531738
58,58,decompx,0.48597101784414715,0.02409096558888753,0.9997156262397766
59,59,decompx,0.05194595124986437,0.024080071184370253,0.9997387528419495
60,60,decompx,0.03961112499237061,0.028683412075042724,0.9996777772903442
61,61,decompx,0.04369535048802694,0.028254972563849554,0.9997342228889465
62,62,decompx,0.6939832093194127,0.031171393394470216,0.9990220069885254
63,63,decompx,0.04568455219268799,0.024426454305648805,0.9996659755706787
64,64,decompx,0.19051152169704438,0.023728543519973756,0.999718964099884
65,65,decompx,0.044029735028743744,0.027338482439517975,0.9995883107185364
66,0,attingrad,0.04318337970309787,0.026319139533572726,0.9997238516807556
67,1,attingrad,0.07148360460996628,0.03214814513921738,0.9997567534446716
68,2,attingrad,0.037707277706691196,0.024592084544045583,0.9996985197067261
69,3,attingrad,0.04175726572672526,0.028548936049143474,0.9997566342353821
70,4,attingrad,0.03900155425071716,0.037996575236320496,0.9996151924133301
71,5,attingrad,0.056246894598007205,0.07972720861434937,0.9995999932289124
72,6,attingrad,-0.5549021384678781,-0.36712690494023265,0.0013486954849213362
73,7,attingrad,0.1702018305659294,0.15154425986111164,0.9996256828308105
74,8,attingrad,0.21475930346382988,0.476554898182965,0.9891684055328369
75,9,attingrad,0.053457829687330455,0.029536989000108507,0.999606192111969
76,10,attingrad,0.2625616358386146,0.02626911799112956,0.9995917677879333
77,11,attingrad,0.05224731895658705,0.1362980907368991,0.999734103679657
78,12,attingrad,0.08752745389938354,0.027295708656311035,0.9997361302375793
79,13,attingrad,0.08209619671106339,0.16101238876581192,0.9897289276123047
80,14,attingrad,0.03217883706092835,0.408327013393864,0.995672345161438
81,15,attingrad,0.036962662424360006,0.027454095227377757,0.9997455477714539
82,16,attingrad,0.04328174144029617,0.16183506697416306,0.9995511174201965
83,17,attingrad,0.0485422412554423,0.043803261386023626,0.9996639490127563
84,18,attingrad,0.03885744015375773,0.04187436236275567,0.9996808767318726
85,19,attingrad,-0.7899980594270996,-0.11093310273385473,0.01123164314776659
86,20,attingrad,0.00036907196044921875,0.47556730546057224,0.9731426239013672
87,21,attingrad,0.056933927536010745,0.12290236484259368,0.9995139837265015
88,22,attingrad,0.12144773536258274,0.030917677614423964,0.9995189905166626
89,23,attingrad,0.045649461448192596,0.03836241364479065,0.9997004270553589
90,24,attingrad,0.035304533110724554,0.13621361046615574,0.9996680021286011
91,25,attingrad,0.05436696857213974,0.02646983414888382,0.9997544884681702
92,26,attingrad,0.02812454104423523,0.021862973769505818,0.9997441172599792
93,27,attingrad,0.5056834779097699,0.15082116227131337,0.9936926364898682
94,28,attingrad,0.14412473597460324,0.12594266732533774,0.9995538592338562
95,29,attingrad,0.02962556481361389,0.02391410619020462,0.9997162222862244
96,30,attingrad,0.17289813756942748,0.019009041786193847,0.9883566498756409
97,31,attingrad,0.2559001438319683,0.03065151572227478,0.9997102618217468
98,32,attingrad,0.18639792005221048,0.24279528069827291,0.9995941519737244
99,33,attingrad,0.26432051707524806,0.027213111519813538,0.9995002746582031
100,34,attingrad,-0.13548853080719708,-0.5862248361110687,0.3216498792171478
101,35,attingrad,0.045186596257346015,0.03096561772482736,0.9997416138648987
102,36,attingrad,0.03810989856719971,0.028548810217115615,0.9997555613517761
103,37,attingrad,0.33754680222935146,0.024110052320692275,0.9996140599250793
104,38,attingrad,0.0604967645236424,0.27009071303265436,0.9980065226554871
105,39,attingrad,0.5374219396875964,0.05063651667700873,0.999123752117157
106,40,attingrad,0.0631972352663676,0.03913746939765082,0.9997194409370422
107,41,attingrad,0.03569333255290985,0.025906383991241455,0.9997361302375793
108,42,attingrad,0.0830342670281728,0.027040481567382812,0.9994508624076843
109,43,attingrad,0.05398789048194885,0.024485462903976442,0.9996305704116821
110,44,attingrad,0.07527206093072891,0.3429877506569028,0.9993242025375366
111,45,attingrad,0.14920199289917946,0.026654891669750214,0.9997443556785583
112,46,attingrad,-0.9044008191142764,-0.44954695349692236,0.03457184135913849
113,47,attingrad,-0.7063158117567322,-0.11367364626910005,0.0037467090878635645
114,48,attingrad,-0.46550622433423994,-0.08129678089171648,0.014981146901845932
115,49,attingrad,0.05924899048275418,0.026357412338256836,0.9996699094772339
116,50,attingrad,0.2074592974036932,0.06105232238769531,0.9997420907020569
117,51,attingrad,-0.08478566538542509,0.06196325272321701,0.5974828600883484
118,52,attingrad,0.1134060263633728,0.03632545471191406,0.9985867738723755
119,53,attingrad,0.11062636971473694,0.1708640456199646,0.9995357990264893
120,54,attingrad,0.0304355521996816,0.1917344887430469,0.999566376209259
121,55,attingrad,0.03662641048431396,0.2256528429687023,0.999614953994751
122,56,attingrad,0.043232285976409913,0.03369011878967285,0.9997355341911316
123,57,attingrad,0.3897312565241009,0.04278498888015747,0.9996991157531738
124,58,attingrad,0.21045705676078796,0.024080534776051838,0.9997156262397766
125,59,attingrad,0.04253512620925903,0.10460073749224345,0.9997387528419495
126,60,attingrad,0.05784238576889038,0.03067758083343506,0.9996777772903442
127,61,attingrad,0.0464345547888014,0.135001502931118,0.9997342228889465
128,62,attingrad,0.04265800714492798,0.2702050041407347,0.9990220069885254
129,63,attingrad,0.0350253164768219,0.024415212869644164,0.9996659755706787
130,64,attingrad,0.03781153559684754,0.024235999584197997,0.999718964099884
131,65,attingrad,0.040165260434150696,0.03973978012800217,0.9995883107185364
132,0,attention,0.03206972281138102,0.027778844038645428,0.9997238516807556
133,1,attention,0.04038218408823013,0.02723637968301773,0.9997567534446716
134,2,attention,0.023425170353480747,0.02547419922692435,0.9996985197067261
135,3,attention,0.024127523104349773,0.038013491365644664,0.9997566342353821
136,4,attention,0.0337100550532341,0.05533651262521744,0.9996151924133301
137,5,attention,0.03697192668914795,0.08780795931816102,0.9995999932289124
138,6,attention,-0.35590266101062296,-0.566493414202705,0.0013486954849213362
139,7,attention,0.07816516607999802,0.040567897260189056,0.9996256828308105
140,8,attention,0.3903101036945979,0.2909268473999368,0.9891684055328369
141,9,attention,0.04747311936484443,0.1588759765856796,0.999606192111969
142,10,attention,0.38971082948976093,0.034721957312689886,0.9995917677879333
143,11,attention,0.2418672955698437,0.028420997990502253,0.999734103679657
144,12,attention,0.031229657786233083,0.030144504138401577,0.9997361302375793
145,13,attention,0.045938946306705475,0.22220752388238907,0.9897289276123047
146,14,attention,0.021664637327194213,0.5852303409948945,0.995672345161438
147,15,attention,0.027445154530661448,0.027454640184129988,0.9997455477714539
148,16,attention,0.03167452663183212,0.18429291248321533,0.9995511174201965
149,17,attention,0.04835342036353217,0.04453443818622165,0.9996639490127563
150,18,attention,0.03479466835657755,0.14709751473532784,0.9996808767318726
151,19,attention,-0.6344124479219317,-0.11250963481143117,0.01123164314776659
152,20,attention,0.00036907196044921875,0.47556730546057224,0.9731426239013672
153,21,attention,0.09972411990165711,0.23739689122885466,0.9995139837265015
154,22,attention,0.038197610113355845,0.033551527394188776,0.9995189905166626
155,23,attention,0.029612965881824493,0.03883843868970871,0.9997004270553589
156,24,attention,0.0321846604347229,0.5771792026547095,0.9996680021286011
157,25,attention,0.02392839640378952,0.02741868793964386,0.9997544884681702
158,26,attention,0.028065601984659832,0.023567994435628254,0.9997441172599792
159,27,attention,0.5167460671509616,0.15482525469269603,0.9936926364898682
160,28,attention,0.02410570780436198,0.39203022089269424,0.9995538592338562
161,29,attention,0.02955104410648346,0.026447109878063202,0.9997162222862244
162,30,attention,0.22855727672576903,0.017999887466430664,0.9883566498756409
163,31,attention,0.13872271478176118,0.030931913852691652,0.9997102618217468
164,32,attention,0.16316252284579807,0.3475344371464517,0.9995941519737244
165,33,attention,0.2991961716907099,0.037120044231414795,0.9995002746582031
166,34,attention,0.1353397723287344,-0.6307039439678193,0.3216498792171478
167,35,attention,0.044363132544926236,0.030973647321973528,0.9997416138648987
168,36,attention,0.024513840675354004,0.031089630391862657,0.9997555613517761
169,37,attention,0.25538574490282273,0.029509617222679987,0.9996140599250793
170,38,attention,0.02699998446873256,0.3703903151409967,0.9980065226554871
171,39,attention,0.3391030960612827,0.06584213177363078,0.999123752117157
172,40,attention,0.04662324322594537,0.052756309509277344,0.9997194409370422
173,41,attention,0.03503873944282532,0.025917544960975647,0.9997361302375793
174,42,attention,0.02712230881055196,0.028509090344111126,0.9994508624076843
175,43,attention,0.04865381121635437,0.0352648913860321,0.9996305704116821
176,44,attention,0.043834179639816284,0.1436542347073555,0.9993242025375366
177,45,attention,0.036456264555454254,0.03612902760505676,0.9997443556785583
178,46,attention,-0.8975365864379066,-0.5250602993515453,0.03457184135913849
179,47,attention,-0.7583352971622455,-0.1150112806353718,0.0037467090878635645
180,48,attention,-0.3056697169318795,-0.2870555756613612,0.014981146901845932
181,49,attention,0.027438753181033664,0.03343372212515937,0.9996699094772339
182,50,attention,0.2920282159000635,0.057792937755584715,0.9997420907020569
183,51,attention,-0.06321291532367468,-0.13573192805051804,0.5974828600883484
184,52,attention,0.022770655155181885,0.07308696508407593,0.9985867738723755
185,53,attention,0.021824886401494343,0.025923232237497967,0.9995357990264893
186,54,attention,0.03029961387316386,0.35739437288915116,0.999566376209259
187,55,attention,0.03221030235290527,0.8014199187979102,0.999614953994751
188,56,attention,0.027563339471817015,0.02544727921485901,0.9997355341911316
189,57,attention,0.4194503807229921,0.056760311126708984,0.9996991157531738
190,58,attention,0.04262940751181708,0.02968637810813056,0.9997156262397766
191,59,attention,0.024162583880954318,0.029788487487369113,0.9997387528419495
192,60,attention,0.05639969110488892,0.03891993761062622,0.9996777772903442
193,61,attention,0.02865103880564372,0.02929092115826077,0.9997342228889465
194,62,attention,0.052968931198120114,0.5073190964758396,0.9990220069885254
195,63,attention,0.029398071765899658,0.030386084318161012,0.9996659755706787
196,64,attention,0.031365448236465455,0.06432290077209472,0.999718964099884
197,65,attention,0.02728985995054245,0.051952242851257324,0.9995883107185364
198,0,gradient_x_input,0.04146806399027506,0.02633932563993666,0.9997238516807556
199,1,gradient_x_input,0.07148360460996628,0.03214814513921738,0.9997567534446716
200,2,gradient_x_input,0.04214520965303693,0.023434136595044817,0.9996985197067261
201,3,gradient_x_input,0.04175694783528646,0.02854898903104994,0.9997566342353821
202,4,gradient_x_input,0.038875073194503784,0.03955770283937454,0.9996151924133301
203,5,gradient_x_input,0.06666222214698792,0.08425971865653992,0.9995999932289124
204,6,gradient_x_input,-0.5549021384678781,-0.36712690494023265,0.0013486954849213362
205,7,gradient_x_input,0.2760241609066725,0.16117327846586704,0.9996256828308105
206,8,gradient_x_input,0.15582083662350973,0.6228111924396621,0.9891684055328369
207,9,gradient_x_input,0.045870429939693876,0.029108623663584392,0.999606192111969
208,10,gradient_x_input,0.16734130101071465,0.04053771495819092,0.9995917677879333
209,11,gradient_x_input,0.04322607649697198,0.14271552819344732,0.999734103679657
210,12,gradient_x_input,0.08845239877700806,0.03021902697426932,0.9997361302375793
211,13,gradient_x_input,0.14880336821079254,0.08849118649959564,0.9897289276123047
212,14,gradient_x_input,0.03166854977607727,0.39756149193271995,0.995672345161438
213,15,gradient_x_input,0.03695218903677804,0.03040745428630284,0.9997455477714539
214,16,gradient_x_input,0.04328174144029617,0.16183506697416306,0.9995511174201965
215,17,gradient_x_input,0.04840192529890272,0.043722536828782826,0.9996639490127563
216,18,gradient_x_input,0.03862648540072971,0.04187514384587606,0.9996808767318726
217,19,gradient_x_input,-0.8760321061792118,-0.11247221160946148,0.01123164314776659
218,20,gradient_x_input,0.00036907196044921875,0.47556730546057224,0.9731426239013672
219,21,gradient_x_input,0.05482402443885803,0.025787168741226198,0.9995139837265015
220,22,gradient_x_input,0.13504333628548515,0.07010065184699164,0.9995189905166626
221,23,gradient_x_input,0.04564419388771057,0.038249269127845764,0.9997004270553589
222,24,gradient_x_input,0.037162078751458064,0.136035299859941,0.9996680021286011
223,25,gradient_x_input,0.0505899041891098,0.026471711695194244,0.9997544884681702
224,26,gradient_x_input,0.02811578909556071,0.022772520780563354,0.9997441172599792
225,27,gradient_x_input,0.3944177203957224,0.1512352431891486,0.9936926364898682
226,28,gradient_x_input,0.21217800138725174,0.02534815337922838,0.9995538592338562
227,29,gradient_x_input,0.028950423002243042,0.023923061788082123,0.9997162222862244
228,30,gradient_x_input,0.09417942762374878,0.023430228233337402,0.9883566498756409
229,31,gradient_x_input,0.19565363451838494,0.030113744735717773,0.9997102618217468
230,32,gradient_x_input,0.18673485848638746,0.24281122825211948,0.9995941519737244
231,33,gradient_x_input,0.030741527676582336,0.027462393045425415,0.9995002746582031
232,34,gradient_x_input,0.04290636945515871,-0.635059243440628,0.3216498792171478
233,35,gradient_x_input,0.051374810082571845,0.030963420867919922,0.9997416138648987
234,36,gradient_x_input,0.03810989856719971,0.028548810217115615,0.9997555613517761
235,37,gradient_x_input,0.3581464957031939,0.02409721745385064,0.9996140599250793
236,38,gradient_x_input,0.0607421738760812,0.14128704156194413,0.9980065226554871
237,39,gradient_x_input,0.2846500492758221,0.05077142847908868,0.999123752117157
238,40,gradient_x_input,0.06373824675877889,0.039128396246168345,0.9997194409370422
239,41,gradient_x_input,0.03503873944282532,0.025917544960975647,0.9997361302375793
240,42,gradient_x_input,0.0830342670281728,0.027040481567382812,0.9994508624076843
241,43,gradient_x_input,0.04161998629570007,0.024472570419311522,0.9996305704116821
242,44,gradient_x_input,0.08471357077360153,0.2460646079853177,0.9993242025375366
243,45,gradient_x_input,0.15768812224268913,0.026495032012462616,0.9997443556785583
244,46,gradient_x_input,-0.6767598821648529,-0.5365446157686945,0.03457184135913849
245,47,gradient_x_input,-0.7151410627910602,-0.11517867758604032,0.0037467090878635645
246,48,gradient_x_input,-0.49555155634880066,-0.08617065171711147,0.014981146901845932
247,49,gradient_x_input,0.06800809833738539,0.02640244033601549,0.9996699094772339
248,50,gradient_x_input,0.07622994780540467,0.33870871271938086,0.9997420907020569
249,51,gradient_x_input,0.011139112524688244,0.25664646876975894,0.5974828600883484
250,52,gradient_x_input,0.1134060263633728,0.03632545471191406,0.9985867738723755
251,53,gradient_x_input,0.11077574888865153,0.16641303896903992,0.9995357990264893
252,54,gradient_x_input,0.04121387004852295,0.1918432473515471,0.999566376209259
253,55,gradient_x_input,0.03722766637802124,0.22561077401041985,0.999614953994751
254,56,gradient_x_input,0.04318957328796387,0.033683985471725464,0.9997355341911316
255,57,gradient_x_input,0.258086267625913,0.05676378309726715,0.9996991157531738
256,58,gradient_x_input,0.24906227986017862,0.02409076690673828,0.9997156262397766
257,59,gradient_x_input,0.03371234072579278,0.10465744800037807,0.9997387528419495
258,60,gradient_x_input,0.0697031319141388,0.049686205387115476,0.9996777772903442
259,61,gradient_x_input,0.04494415389166938,0.03737046321233114,0.9997342228889465
260,62,gradient_x_input,0.043067896366119386,0.3698020715266466,0.9990220069885254
261,63,gradient_x_input,0.041153937578201294,0.024441295862197877,0.9996659755706787
262,64,gradient_x_input,0.04172791838645935,0.0451622486114502,0.999718964099884
263,65,gradient_x_input,0.06934434920549393,0.03972293436527252,0.9995883107185364
264,0,deeplift,0.04145215617285834,0.02768364879820082,0.9997238516807556
265,1,deeplift,0.05431974679231644,0.0321480855345726,0.9997567534446716
266,2,deeplift,0.037707277706691196,0.024592084544045583,0.9996985197067261
267,3,deeplift,0.038139813476138644,0.028548128075069852,0.9997566342353821
268,4,deeplift,0.03418364375829697,0.039552293717861176,0.9996151924133301
269,5,deeplift,0.05593336820602417,0.07970075607299805,0.9995999932289124
270,6,deeplift,-0.5549021384678781,-0.36712690494023265,0.0013486954849213362
271,7,deeplift,0.17256533727049828,0.18503043986856937,0.9996256828308105
272,8,deeplift,0.15582083662350973,0.6228111924396621,0.9891684055328369
273,9,deeplift,0.045870429939693876,0.029108623663584392,0.999606192111969
274,10,deeplift,0.22120635625388888,0.04319734705819024,0.9995917677879333
275,11,deeplift,0.039991153611077204,0.2452828206328882,0.999734103679657
276,12,deeplift,0.08346415417534965,0.030218652316502163,0.9997361302375793
277,13,deeplift,0.34567700419574976,0.0492854043841362,0.9897289276123047
278,14,deeplift,0.029575431346893312,0.502128535695374,0.995672345161438
279,15,deeplift,0.03695218903677804,0.03040745428630284,0.9997455477714539
280,16,deeplift,0.04328174144029617,0.16183506697416306,0.9995511174201965
281,17,deeplift,0.03550759288999769,0.06259798341327244,0.9996639490127563
282,18,deeplift,0.039485189649793834,0.06083601713180542,0.9996808767318726
283,19,deeplift,-0.7739023487748844,-0.11246975198654192,0.01123164314776659
284,20,deeplift,0.00036907196044921875,0.47556730546057224,0.9731426239013672
285,21,deeplift,0.0520824670791626,0.12311259042471648,0.9995139837265015
286,22,deeplift,0.12144990762074788,0.03267955117755466,0.9995189905166626
287,23,deeplift,0.044798992574214935,0.039180606603622437,0.9997004270553589
288,24,deeplift,0.05948774019877116,0.13605952583667305,0.9996680021286011
289,25,deeplift,0.049756504595279694,0.026469893753528595,0.9997544884681702
290,26,deeplift,0.02811578909556071,0.022772520780563354,0.9997441172599792
291,27,deeplift,0.38758713280549273,0.15192732762079686,0.9936926364898682
292,28,deeplift,0.2146161227590508,0.025880310270521376,0.9995538592338562
293,29,deeplift,0.02752169966697693,0.023916050791740417,0.9997162222862244
294,30,deeplift,0.09163106679916382,0.020067286491394044,0.9883566498756409
295,31,deeplift,0.2221202813088894,0.030594903230667114,0.9997102618217468
296,32,deeplift,0.18673485848638746,0.24281122825211948,0.9995941519737244
297,33,deeplift,0.029246337711811066,0.04356332868337631,0.9995002746582031
298,34,deeplift,0.04290636945515871,-0.635059243440628,0.3216498792171478
299,35,deeplift,0.05095600230353219,0.03671256984983172,0.9997416138648987
300,36,deeplift,0.03629692395528158,0.028550929493374295,0.9997555613517761
301,37,deeplift,0.31495964858267045,0.02408689922756619,0.9996140599250793
302,38,deeplift,0.05547307218824114,0.1410517053944724,0.9980065226554871
303,39,deeplift,0.2804691241019302,0.05079459481769138,0.999123752117157
304,40,deeplift,0.07503626743952434,0.03913651572333442,0.9997194409370422
305,41,deeplift,0.035023465752601624,0.02690264582633972,0.9997361302375793
306,42,deeplift,0.08194443583488464,0.027168413003285725,0.9994508624076843
307,43,deeplift,0.04159708023071289,0.027396237850189208,0.9996305704116821
308,44,deeplift,0.08481144160032272,0.126409612596035,0.9993242025375366
309,45,deeplift,0.13564766570925713,0.02649780362844467,0.9997443556785583
310,46,deeplift,-0.6362719189907823,-0.5317140254524669,0.03457184135913849
311,47,deeplift,-0.7151410627910602,-0.11517867758604032,0.0037467090878635645
312,48,deeplift,-0.3663474448025227,-0.11779980398714543,0.014981146901845932
313,49,deeplift,0.06800809833738539,0.02640244033601549,0.9996699094772339
314,50,deeplift,0.07625300884246826,0.24205565163865686,0.9997420907020569
315,51,deeplift,0.011139112524688244,0.25664646876975894,0.5974828600883484
316,52,deeplift,0.1134060263633728,0.03632545471191406,0.9985867738723755
317,53,deeplift,0.08781260251998901,0.16641510526339212,0.9995357990264893
318,54,deeplift,0.04121387004852295,0.1918432473515471,0.999566376209259
319,55,deeplift,0.03722766637802124,0.22561077401041985,0.999614953994751
320,56,deeplift,0.043263590335845946,0.0337065577507019,0.9997355341911316
321,57,deeplift,0.3404099566396326,0.042787618935108185,0.9996991157531738
322,58,deeplift,0.220741159386105,0.024107595284779865,0.9997156262397766
323,59,deeplift,0.03371234072579278,0.10465744800037807,0.9997387528419495
324,60,deeplift,0.05261691808700562,0.047651880979537965,0.9996777772903442
325,61,deeplift,0.04494415389166938,0.03737046321233114,0.9997342228889465
326,62,deeplift,0.04771754741668701,0.36976887173950673,0.9990220069885254
327,63,deeplift,0.04298299551010132,0.024435019493103026,0.9996659755706787
328,64,deeplift,0.04185294508934021,0.045158928632736205,0.999718964099884
329,65,deeplift,0.07271146029233932,0.039723142981529236,0.9995883107185364
330,0,integrated_gradient,0.032084610727098256,0.027129179901546903,0.9997238516807556
331,1,integrated_gradient,0.0435444638133049,0.027092523872852325,0.9997567534446716
332,2,integrated_gradient,0.029704247202192034,0.02338989291872297,0.9996985197067261
333,3,integrated_gradient,0.029124968581729464,0.03307210074530707,0.9997566342353821
334,4,integrated_gradient,0.03855917602777481,0.04686465859413147,0.9996151924133301
335,5,integrated_gradient,0.06273404359817505,0.034167802333831786,0.9995999932289124
336,6,integrated_gradient,-0.5549021384678781,-0.36712690494023265,0.0013486954849213362
337,7,integrated_gradient,0.44366573076695204,0.029621601104736328,0.9996256828308105
338,8,integrated_gradient,0.22033804986211988,0.5506011143119799,0.9891684055328369
339,9,integrated_gradient,0.15335611502329508,0.02858844068315294,0.999606192111969
340,10,integrated_gradient,0.2534271246857113,0.026249534553951688,0.9995917677879333
341,11,integrated_gradient,0.5156592769134376,0.02632717291514079,0.999734103679657
342,12,integrated_gradient,0.061331025191715786,0.029117209570748464,0.9997361302375793
343,13,integrated_gradient,0.2581411637365818,0.14511790126562119,0.9897289276123047
344,14,integrated_gradient,0.22099237591028215,0.05802680850028992,0.995672345161438
345,15,integrated_gradient,0.03933433975492205,0.02743272270475115,0.9997455477714539
346,16,integrated_gradient,0.04671506583690643,0.03181767463684082,0.9995511174201965
347,17,integrated_gradient,0.03413792451222738,0.04338343275917901,0.9996639490127563
348,18,integrated_gradient,0.04343722263971964,0.041853884855906166,0.9996808767318726
349,19,integrated_gradient,-0.6819928848583784,-0.11122695216909051,0.01123164314776659
350,20,integrated_gradient,0.47556730546057224,0.00036907196044921875,0.9731426239013672
351,21,integrated_gradient,0.2968177582602948,0.12282902132719756,0.9995139837265015
352,22,integrated_gradient,0.05857016642888387,0.032690849569108754,0.9995189905166626
353,23,integrated_gradient,0.055573366582393646,0.029636293649673462,0.9997004270553589
354,24,integrated_gradient,0.2543678632937372,0.02654155095418294,0.9996680021286011
355,25,integrated_gradient,0.04142580181360245,0.03184766322374344,0.9997544884681702
356,26,integrated_gradient,0.022884587446848553,0.030919005473454792,0.9997441172599792
357,27,integrated_gradient,0.6005419496796094,0.26195043604820967,0.9936926364898682
358,28,integrated_gradient,0.15203968973623383,0.12489775816599528,0.9995538592338562
359,29,integrated_gradient,0.025732897222042084,0.023890472948551178,0.9997162222862244
360,30,integrated_gradient,0.17289813756942748,0.019009041786193847,0.9883566498756409
361,31,integrated_gradient,0.19733039140701295,0.02862837314605713,0.9997102618217468
362,32,integrated_gradient,0.2924817634953393,0.03574905792872111,0.9995941519737244
363,33,integrated_gradient,0.1307244375348091,0.13754558749496937,0.9995002746582031
364,34,integrated_gradient,-0.14832840394228697,-0.5867232978343964,0.3216498792171478
365,35,integrated_gradient,0.03527827773775373,0.03095464195523943,0.9997416138648987
366,36,integrated_gradient,0.048596719900767006,0.024077435334523518,0.9997555613517761
367,37,integrated_gradient,0.3071650001737807,0.024151080184512667,0.9996140599250793
368,38,integrated_gradient,0.07746915306363787,0.14212825894355774,0.9980065226554871
369,39,integrated_gradient,0.07005233234829372,0.14816973420480886,0.999123752117157
370,40,integrated_gradient,0.05242219236161974,0.06465695963965522,0.9997194409370422
371,41,integrated_gradient,0.03503873944282532,0.025917544960975647,0.9997361302375793
372,42,integrated_gradient,0.22323662539323172,0.0269009272257487,0.9994508624076843
373,43,integrated_gradient,0.12358718514442443,0.04435698390007019,0.9996305704116821
374,44,integrated_gradient,0.24867496616207063,0.04152977466583252,0.9993242025375366
375,45,integrated_gradient,0.14691196754574776,0.02388787269592285,0.9997443556785583
376,46,integrated_gradient,-0.9121389750923429,-0.33387952095030676,0.03457184135913849
377,47,integrated_gradient,-0.7908653750283909,-0.11550457858746606,0.0037467090878635645
378,48,integrated_gradient,-0.24817562159150838,-0.22205585781484843,0.014981146901845932
379,49,integrated_gradient,0.06534466478559706,0.026277217600080702,0.9996699094772339
380,50,integrated_gradient,0.4024435993283987,0.10254938006401063,0.9997420907020569
381,51,integrated_gradient,0.02571918722242117,0.22854596562683582,0.5974828600883484
382,52,integrated_gradient,0.12021998167037964,0.020977938175201417,0.9985867738723755
383,53,integrated_gradient,0.03327170014381409,0.02168789505958557,0.9995357990264893
384,54,integrated_gradient,0.2058793737863501,0.026927798986434937,0.999566376209259
385,55,integrated_gradient,0.2341490587219596,0.032307982444763184,0.999614953994751
386,56,integrated_gradient,0.12857500910758973,0.02725878357887268,0.9997355341911316
387,57,integrated_gradient,0.33616404957138,0.03174903243780136,0.9996991157531738
388,58,integrated_gradient,0.3043539474407832,0.024081051349639893,0.9997156262397766
389,59,integrated_gradient,0.05835376183191935,0.024085130956437852,0.9997387528419495
390,60,integrated_gradient,0.17417078614234924,0.0475355863571167,0.9996777772903442
391,61,integrated_gradient,0.14970534129275215,0.028258548842536077,0.9997342228889465
392,62,integrated_gradient,0.05046638250350952,0.0680938184261322,0.9990220069885254
393,63,integrated_gradient,0.036201226711273196,0.024923336505889893,0.9996659755706787
394,64,integrated_gradient,0.050572389364242555,0.023779678344726562,0.999718964099884
395,65,integrated_gradient,0.0708397626876831,0.027425289154052734,0.9995883107185364
396,0,lime,0.036763264073265925,0.02631962299346924,0.9997238516807556
397,1,lime,0.037838153541088104,0.027101993560791016,0.9997567534446716
398,2,lime,0.029730813843863352,0.023143776825496128,0.9996985197067261
399,3,lime,0.030597315894232854,0.024163484573364258,0.9997566342353821
400,4,lime,0.039761029183864594,0.032302580773830414,0.9996151924133301
401,5,lime,0.0500889003276825,0.03171238899230957,0.9995999932289124
402,6,lime,-0.8067962375003844,-0.16757493757177144,0.0013486954849213362
403,7,lime,0.49012649711221457,0.029632918536663055,0.9996256828308105
404,8,lime,0.409668465765814,0.44317435804340577,0.9891684055328369
405,9,lime,0.05093514257007175,0.030225151114993624,0.999606192111969
406,10,lime,0.2057085699505276,0.026292012797461614,0.9995917677879333
407,11,lime,0.4241900261905458,0.026346471574571397,0.999734103679657
408,12,lime,0.08347644124712263,0.027286061218806675,0.9997361302375793
409,13,lime,0.16538634523749352,0.10795909911394119,0.9897289276123047
410,14,lime,0.02444990873336792,0.18389684329740702,0.995672345161438
411,15,lime,0.04097488948277065,0.027334136622292653,0.9997455477714539
412,16,lime,0.04239629954099655,0.031789883971214294,0.9995511174201965
413,17,lime,0.06351621283425225,0.030333214335971408,0.9996639490127563
414,18,lime,0.2521846840778987,0.026318854755825467,0.9996808767318726
415,19,lime,-0.6282090476847121,-0.11077481894088644,0.01123164314776659
416,20,lime,0.47556730546057224,0.00036907196044921875,0.9731426239013672
417,21,lime,0.761585857719183,0.040131741762161256,0.9995139837265015
418,22,lime,0.18349315060509575,0.03740994797812568,0.9995189905166626
419,23,lime,0.055554091930389404,0.029581978917121887,0.9997004270553589
420,24,lime,0.14953997250025472,0.026466415988074407,0.9996680021286011
421,25,lime,0.0416451096534729,0.023908093571662903,0.9997544884681702
422,26,lime,0.02864547570546468,0.02183416485786438,0.9997441172599792
423,27,lime,0.7339466974954121,0.14045968931168318,0.9936926364898682
424,28,lime,0.19702885548273721,0.02470952272415161,0.9995538592338562
425,29,lime,0.029433704912662506,0.023919738829135895,0.9997162222862244
426,30,lime,0.17544649839401244,0.022371983528137206,0.9883566498756409
427,31,lime,0.18515920042991638,0.06579875349998474,0.9997102618217468
428,32,lime,0.3482528519299295,0.03535512420866224,0.9995941519737244
429,33,lime,0.11588584631681442,0.15249685756862164,0.9995002746582031
430,34,lime,-0.13548853080719708,-0.5862248361110687,0.3216498792171478
431,35,lime,0.06135318960462298,0.03095476116452898,0.9997416138648987
432,36,lime,0.05058749516805013,0.024151199393802218,0.9997555613517761
433,37,lime,0.29187248191899723,0.02423756652408176,0.9996140599250793
434,38,lime,0.20327899285725184,0.033402281148093085,0.9980065226554871
435,39,lime,0.30899055633280015,0.027220408121744793,0.999123752117157
436,40,lime,0.06987682978312175,0.03913287321726481,0.9997194409370422
437,41,lime,0.027573049068450928,0.02590256929397583,0.9997361302375793
438,42,lime,0.2554883112510045,0.026859889427820843,0.9994508624076843
439,43,lime,0.06546363234519958,0.023770618438720702,0.9996305704116821
440,44,lime,0.1618378721177578,0.0426739901304245,0.9993242025375366
441,45,lime,0.32313408132176846,0.023894131183624268,0.9997443556785583
442,46,lime,-0.7837639979885093,-0.5866967631237847,0.03457184135913849
443,47,lime,-0.8758900937557753,-0.1189019042399845,0.0037467090878635645
444,48,lime,-0.2572492565028369,-0.20954383434727789,0.014981146901845932
445,49,lime,0.14529369274775186,0.026289681593577068,0.9996699094772339
446,50,lime,0.07620832324028015,0.29666611850261687,0.9997420907020569
447,51,lime,0.18560091266408563,-0.14148171246051788,0.5974828600883484
448,52,lime,0.08922644853591918,0.020997905731201173,0.9985867738723755
449,53,lime,0.24624999736746153,0.021684279044469196,0.9995357990264893
450,54,lime,0.19556923055400452,0.026946812868118286,0.999566376209259
451,55,lime,0.2341490587219596,0.032307982444763184,0.999614953994751
452,56,lime,0.025534158945083617,0.02546955943107605,0.9997355341911316
453,57,lime,0.5003449256182648,0.03174763172864914,0.9996991157531738
454,58,lime,0.5152569822967052,0.02408416403664483,0.9997156262397766
455,59,lime,0.02823187245262994,0.024080435434977215,0.9997387528419495
456,60,lime,0.29789765179157257,0.0475825309753418,0.9996777772903442
457,61,lime,0.08820683426327175,0.028260800573560927,0.9997342228889465
458,62,lime,0.25217186510562895,0.09547159671783448,0.9990220069885254
459,63,lime,0.04393420815467834,0.02432411313056946,0.9996659755706787
460,64,lime,0.2128959506750107,0.023721688985824586,0.999718964099884
461,65,lime,0.08954360336065292,0.02726081758737564,0.9995883107185364
462,0,kernelshap,0.03875448968675402,0.03479513857099745,0.9997238516807556
463,1,kernelshap,0.04607882350683212,0.027142934501171112,0.9997567534446716
464,2,kernelshap,0.04213058948516846,0.023501242910112654,0.9996985197067261
465,3,kernelshap,0.03751707739300198,0.024085369375016954,0.9997566342353821
466,4,kernelshap,0.03405251353979111,0.04592602699995041,0.9996151924133301
467,5,kernelshap,0.07105035781860351,0.03206815123558045,0.9995999932289124
468,6,kernelshap,-0.8160095420200377,-0.16761063691228628,0.0013486954849213362
469,7,kernelshap,0.32204325031489134,0.029737912118434906,0.9996256828308105
470,8,kernelshap,0.2912707742717531,0.5513236636502875,0.9891684055328369
471,9,kernelshap,0.1733632886575328,0.028763982984754775,0.999606192111969
472,10,kernelshap,0.17891038788689506,0.02634556425942315,0.9995917677879333
473,11,kernelshap,0.1341428110996882,0.026373280419243708,0.999734103679657
474,12,kernelshap,0.08514676775251116,0.027283685547964915,0.9997361302375793
475,13,kernelshap,0.1687854453921318,0.0726604014635086,0.9897289276123047
476,14,kernelshap,0.3770154852420092,0.15744367609731852,0.995672345161438
477,15,kernelshap,0.0422505395753043,0.027400314807891846,0.9997455477714539
478,16,kernelshap,0.18265195190906525,0.031740643084049225,0.9995511174201965
479,17,kernelshap,0.030917187531789143,0.032694710625542536,0.9996639490127563
480,18,kernelshap,0.3826388356586297,0.0263585713174608,0.9996808767318726
481,19,kernelshap,-0.8390148714450854,-0.10877915411921484,0.01123164314776659
482,20,kernelshap,0.47556730546057224,0.00036907196044921875,0.9731426239013672
483,21,kernelshap,0.31610258063301444,0.041986888647079466,0.9995139837265015
484,22,kernelshap,0.048816965685950384,0.03703296846813626,0.9995189905166626
485,23,kernelshap,0.04892733693122864,0.02959192544221878,0.9997004270553589
486,24,kernelshap,0.14538004513209066,0.026466012001037598,0.9996680021286011
487,25,kernelshap,0.02517729252576828,0.03185693919658661,0.9997544884681702
488,26,kernelshap,0.02187265952428182,0.022553106149037678,0.9997441172599792
489,27,kernelshap,0.5267849021474831,0.14254974108189344,0.9936926364898682
490,28,kernelshap,0.35289664814869565,0.024132728576660156,0.9995538592338562
491,29,kernelshap,0.026798047125339508,0.024128548800945282,0.9997162222862244
492,30,kernelshap,0.21166106462478637,0.02176673412322998,0.9883566498756409
493,31,kernelshap,0.45522381737828255,0.04731116890907287,0.9997102618217468
494,32,kernelshap,0.29976586831940544,0.03529557916853163,0.9995941519737244
495,33,kernelshap,0.04688458889722824,0.03318978101015091,0.9995002746582031
496,34,kernelshap,-0.13548853080719708,-0.5862248361110687,0.3216498792171478
497,35,kernelshap,0.06714865139552526,0.03095876319067819,0.9997416138648987
498,36,kernelshap,0.06603665484322442,0.02876273128721449,0.9997555613517761
499,37,kernelshap,0.2690684199333191,0.024213790893554688,0.9996140599250793
500,38,kernelshap,0.08806566681180682,0.03206896781921387,0.9980065226554871
501,39,kernelshap,0.17470968100759718,0.027086251311832003,0.999123752117157
502,40,kernelshap,0.06303523646460639,0.04557194312413534,0.9997194409370422
503,41,kernelshap,0.03569333255290985,0.025906383991241455,0.9997361302375793
504,42,kernelshap,0.08399064342180888,0.026836713155110676,0.9994508624076843
505,43,kernelshap,0.08962748050689698,0.0240781307220459,0.9996305704116821
506,44,kernelshap,0.3508245665580034,0.04881741851568222,0.9993242025375366
507,45,kernelshap,0.02399347722530365,0.023931540548801422,0.9997443556785583
508,46,kernelshap,-0.9302873803036553,-0.23129408916325442,0.03457184135913849
509,47,kernelshap,-0.665458229935861,-0.11679609369353525,0.0037467090878635645
510,48,kernelshap,-0.39557923302054404,-0.11285937563516199,0.014981146901845932
511,49,kernelshap,0.026835905181037054,0.026465952396392822,0.9996699094772339
512,50,kernelshap,0.11090282201766968,0.12636546790599823,0.9997420907020569
513,51,kernelshap,0.022681686095893383,0.09908038005232811,0.5974828600883484
514,52,kernelshap,0.0711437702178955,0.02201915979385376,0.9985867738723755
515,53,kernelshap,0.24566275253891945,0.021675527095794678,0.9995357990264893
516,54,kernelshap,0.37063870253041387,0.026927610238393147,0.999566376209259
517,55,kernelshap,0.2341490587219596,0.032307982444763184,0.999614953994751
518,56,kernelshap,0.07415376901626587,0.025438481569290163,0.9997355341911316
519,57,kernelshap,0.37163294688798487,0.03173787146806717,0.9996991157531738
520,58,kernelshap,0.4238726281457477,0.024084541532728408,0.9997156262397766
521,59,kernelshap,0.1303429967827267,0.024065997865464952,0.9997387528419495
522,60,kernelshap,0.1816856414079666,0.047561705112457275,0.9996777772903442
523,61,kernelshap,0.037084109253353544,0.028281344307793513,0.9997342228889465
524,62,kernelshap,0.05226960778236389,0.1320822060108185,0.9990220069885254
525,63,kernelshap,0.02434605360031128,0.03403370976448059,0.9996659755706787
526,64,kernelshap,0.036039286851882936,0.02413420081138611,0.999718964099884
527,65,kernelshap,0.04820261895656586,0.027364589273929596,0.9995883107185364
528,0,occlusion_1,0.031018700864579942,0.026310834619734023,0.9997238516807556
529,1,occlusion_1,0.03163938224315643,0.027209043502807617,0.9997567534446716
530,2,occlusion_1,0.023760310241154263,0.02312664474759783,0.9996985197067261
531,3,occlusion_1,0.036458459165361196,0.024079170491960313,0.9997566342353821
532,4,occlusion_1,0.04081317037343979,0.031143411993980408,0.9996151924133301
533,5,occlusion_1,0.04208990335464478,0.033991140127182004,0.9995999932289124
534,6,occlusion_1,-0.8067962375003844,-0.16757493757177144,0.0013486954849213362
535,7,occlusion_1,0.5026969546452165,0.029593750834465027,0.9996256828308105
536,8,occlusion_1,0.31042799891697037,0.531697558859984,0.9891684055328369
537,9,occlusion_1,0.3256515810887019,0.028456111749013264,0.999606192111969
538,10,occlusion_1,0.09315994713041517,0.026353451940748427,0.9995917677879333
539,11,occlusion_1,0.026449991597069636,0.02633124589920044,0.999734103679657
540,12,occlusion_1,0.06089906181607928,0.027279104505266463,0.9997361302375793
541,13,occlusion_1,0.45188577100634575,0.02066574990749359,0.9897289276123047
542,14,occlusion_1,0.5173473409260623,0.020664381980895995,0.995672345161438
543,15,occlusion_1,0.02745575564248221,0.02732870408466884,0.9997455477714539
544,16,occlusion_1,0.2647812031209469,0.03168422728776932,0.9995511174201965
545,17,occlusion_1,0.043077694045172796,0.030720730622609455,0.9996639490127563
546,18,occlusion_1,0.039893236425187856,0.026369008753034804,0.9996808767318726
547,19,occlusion_1,-0.8271457091239947,-0.10914218352575387,0.01123164314776659
548,20,occlusion_1,0.47556730546057224,0.00036907196044921875,0.9731426239013672
549,21,occlusion_1,0.4628140524029732,0.12247502412647009,0.9995139837265015
550,22,occlusion_1,0.05910942951838175,0.030717551708221436,0.9995189905166626
551,23,occlusion_1,0.05546736717224121,0.029594428837299347,0.9997004270553589
552,24,occlusion_1,0.15554746504252157,0.026471906238132052,0.9996680021286011
553,25,occlusion_1,0.023893222212791443,0.03295202553272247,0.9997544884681702
554,26,occlusion_1,0.028683284918467205,0.022452900807062786,0.9997441172599792
555,27,occlusion_1,0.394989586842712,0.2616795552894473,0.9936926364898682
556,28,occlusion_1,0.6815897518148025,0.023965756098429363,0.9995538592338562
557,29,occlusion_1,0.0317215621471405,0.023910462856292725,0.9997162222862244
558,30,occlusion_1,0.14027652740478516,0.024926578998565672,0.9883566498756409
559,31,occlusion_1,0.14217894673347473,0.023771947622299193,0.9997102618217468
560,32,occlusion_1,0.3179626100593143,0.03550343381034003,0.9995941519737244
561,33,occlusion_1,0.1608813441125676,0.027143411338329315,0.9995002746582031
562,34,occlusion_1,-0.06935265343636274,-0.5875683605670929,0.3216498792171478
563,35,occlusion_1,0.03478965588978359,0.0309600830078125,0.9997416138648987
564,36,occlusion_1,0.03437450197007921,0.024123589197794598,0.9997555613517761
565,37,occlusion_1,0.26229589101341033,0.024069077438778348,0.9996140599250793
566,38,occlusion_1,0.09110722371510097,0.028830928461892263,0.9980065226554871
567,39,occlusion_1,0.312878323925866,0.026480866803063288,0.999123752117157
568,40,occlusion_1,0.0644718607266744,0.028270098898145888,0.9997194409370422
569,41,occlusion_1,0.027573049068450928,0.02590256929397583,0.9997361302375793
570,42,occlusion_1,0.08864492177963257,0.02679567535718282,0.9994508624076843
571,43,occlusion_1,0.07281808257102966,0.029039061069488524,0.9996305704116821
572,44,occlusion_1,0.25016359612345695,0.04776211827993393,0.9993242025375366
573,45,occlusion_1,0.12244508787989616,0.02390158921480179,0.9997443556785583
574,46,occlusion_1,-0.9321776053735188,-0.12076064787938126,0.03457184135913849
575,47,occlusion_1,-0.3350955957347261,-0.25203248878408757,0.0037467090878635645
576,48,occlusion_1,-0.39914814503863455,-0.14091790886595845,0.014981146901845932
577,49,occlusion_1,0.02674184242884318,0.026338398456573486,0.9996699094772339
578,50,occlusion_1,0.1016350507736206,0.26228420906700195,0.9997420907020569
579,51,occlusion_1,-0.22388416342437267,0.12894840352237225,0.5974828600883484
580,52,occlusion_1,0.08922644853591918,0.020997905731201173,0.9985867738723755
581,53,occlusion_1,0.11193098624547322,0.021732687950134277,0.9995357990264893
582,54,occlusion_1,0.19543527904897928,0.026853362719217937,0.999566376209259
583,55,occlusion_1,0.23325463142246008,0.032242441177368165,0.999614953994751
584,56,occlusion_1,0.025527119636535645,0.1664324313402176,0.9997355341911316
585,57,occlusion_1,0.5055851611541584,0.031748488545417786,0.9996991157531738
586,58,occlusion_1,0.4519193884399202,0.02407934930589464,0.9997156262397766
587,59,occlusion_1,0.03240307834413317,0.02408800522486369,0.9997387528419495
588,60,occlusion_1,0.43516008500009773,0.027177059650421144,0.9996777772903442
589,61,occlusion_1,0.29071882946623695,0.028243753645155165,0.9997342228889465
590,62,occlusion_1,0.6259466485120356,0.031354212760925294,0.9990220069885254
591,63,occlusion_1,0.025724053382873535,0.024555611610412597,0.9996659755706787
592,64,occlusion_1,0.08222278952598572,0.023749154806137086,0.999718964099884
593,65,occlusion_1,0.05182722955942154,0.027251258492469788,0.9995883107185364
594,0,random_baseline,0.03836519850624932,0.02634707424375746,0.9997238516807556
595,1,random_baseline,0.027086175978183746,0.027195222675800323,0.9997567534446716
596,2,random_baseline,0.028844101088387624,0.024533331394195557,0.9996985197067261
597,3,random_baseline,0.02414899402194553,0.02858285109202067,0.9997566342353821
598,4,random_baseline,0.03270120918750763,0.05489476025104523,0.9996151924133301
599,5,random_baseline,0.046851956844329835,0.23555621206760408,0.9995999932289124
600,6,random_baseline,-0.16758099091239273,-0.5666317118564621,0.0013486954849213362
601,7,random_baseline,0.48175207804888487,0.033086471259593964,0.9996256828308105
602,8,random_baseline,0.5771258030500677,0.5717800236824486,0.9891684055328369
603,9,random_baseline,0.03365943829218546,0.14803047188454205,0.999606192111969
604,10,random_baseline,0.43724841127792996,0.07311579916212294,0.9995917677879333
605,11,random_baseline,0.23968999967392948,0.037826968563927546,0.999734103679657
606,12,random_baseline,0.039132884570530484,0.030220883233206614,0.9997361302375793
607,13,random_baseline,0.04981493204832077,0.15065307170152664,0.9897289276123047
608,14,random_baseline,0.6499591354746371,0.04755887985229492,0.995672345161438
609,15,random_baseline,0.03099633114678519,0.027420946529933383,0.9997455477714539
610,16,random_baseline,0.03762369602918625,0.1043817549943924,0.9995511174201965
611,17,random_baseline,0.05318519804212782,0.04199145899878608,0.9996639490127563
612,18,random_baseline,0.02721791797214084,0.13779629270235697,0.9996808767318726
613,19,random_baseline,-0.6393246966015015,-0.24862702709755727,0.01123164314776659
614,20,random_baseline,0.00036907196044921875,0.47556730546057224,0.9731426239013672
615,21,random_baseline,0.027471107244491578,0.04893380403518677,0.9995139837265015
616,22,random_baseline,0.03694764773050944,0.11657946639590794,0.9995189905166626
617,23,random_baseline,0.046188779175281525,0.03898420184850693,0.9997004270553589
618,24,random_baseline,0.05934345722198486,0.2487883950687117,0.9996680021286011
619,25,random_baseline,0.023947373032569885,0.026705317199230194,0.9997544884681702
620,26,random_baseline,0.02505450447400411,0.021836847066879272,0.9997441172599792
621,27,random_baseline,0.3510251611005515,0.30802195813157596,0.9936926364898682
622,28,random_baseline,0.4157058017121421,0.024443248907725017,0.9995538592338562
623,29,random_baseline,0.026468731462955475,0.025342032313346863,0.9997162222862244
624,30,random_baseline,0.2585311532020569,0.021902704238891603,0.9883566498756409
625,31,random_baseline,0.24609579909592866,0.11570686250925064,0.9997102618217468
626,32,random_baseline,0.298824501534303,0.3562035949693786,0.9995941519737244
627,33,random_baseline,0.15706947166472673,0.03290349990129471,0.9995002746582031
628,34,random_baseline,-0.09835552275180817,-0.4425428945571184,0.3216498792171478
629,35,random_baseline,0.04490100485937936,0.030964136123657227,0.9997416138648987
630,36,random_baseline,0.036166614956325956,0.024499926302168105,0.9997555613517761
631,37,random_baseline,0.034510049555036754,0.07260750399695502,0.9996140599250793
632,38,random_baseline,0.2571651573692049,0.36950866665158955,0.9980065226554871
633,39,random_baseline,0.21003975636429256,0.05706603659523858,0.999123752117157
634,40,random_baseline,0.04323140780131022,0.04116723272535536,0.9997194409370422
635,41,random_baseline,0.025951489806175232,0.026911839842796326,0.9997361302375793
636,42,random_baseline,0.2658371875683467,0.027939677238464355,0.9994508624076843
637,43,random_baseline,0.0929609328508377,0.06606329679489135,0.9996305704116821
638,44,random_baseline,0.042817190289497375,0.06795161217451096,0.9993242025375366
639,45,random_baseline,0.0451168417930603,0.026452355086803436,0.9997443556785583
640,46,random_baseline,-0.933843120932579,-0.10269948883381273,0.03457184135913849
641,47,random_baseline,-0.5828922985986408,-0.22067381464876235,0.0037467090878635645
642,48,random_baseline,-0.1983913182746619,-0.3029909983277321,0.014981146901845932
643,49,random_baseline,0.038122190369500056,0.12538333899445003,0.9996699094772339
644,50,random_baseline,0.30902641103602946,0.03632953763008118,0.9997420907020569
645,51,random_baseline,-0.1432647928595543,0.12388885207474232,0.5974828600883484
646,52,random_baseline,0.05484403371810913,0.03646575212478638,0.9985867738723755
647,53,random_baseline,0.028413712978363037,0.02480657895406087,0.9995357990264893
648,54,random_baseline,0.360463186322401,0.026823808749516804,0.999566376209259
649,55,random_baseline,0.03226407766342163,0.4220312064513564,0.999614953994751
650,56,random_baseline,0.05330175757408142,0.025532341003417967,0.9997355341911316
651,57,random_baseline,0.5658635449362919,0.09397315233945847,0.9996991157531738
652,58,random_baseline,0.15081321530871922,0.08953381909264459,0.9997156262397766
653,59,random_baseline,0.07707837555143568,0.02853737274805705,0.9997387528419495
654,60,random_baseline,0.02609518766403198,0.04558528661727905,0.9996777772903442
655,61,random_baseline,0.03958776924345228,0.02854920758141412,0.9997342228889465
656,62,random_baseline,0.043654066324234006,0.3051144886761904,0.9990220069885254
657,63,random_baseline,0.05888466835021973,0.02444518804550171,0.9996659755706787
658,64,random_baseline,0.0238081693649292,0.036380660533905027,0.999718964099884
659,65,random_baseline,0.033341243863105774,0.04619784653186798,0.9995883107185364
